Title,Media URL,Pinterest board,Thumbnail,Description,Link,Publish date,Keywords
World's Fastest Gaming Keyboard: SteelSeries Apex Pro TKL Gen 3,https://raw.githubusercontent.com/TheTechHubInsider/silicon-steals-assets/main/pins/steelseries_apex_pro_editorial.jpg,Desk Setup & Productivity,,"The world's fastest gaming keyboard featuring OmniPoint 3.0 HyperMagnetic switches with 0.1mm actuation, Rapid Trigger, and an integrated OLED Smart Display. Save 18% for Prime Big Deal Days on Amazon.",https://www.amazon.com/dp/B0DGZ3VV9X?tag=thetechhubins-20,,"steelseries apex pro, gaming keyboard, mechanical keyboard, rapid trigger, desk setup, pc gaming gear"
Legendary Silence & All-Day Comfort: Bose QuietComfort Wireless Over-Ear,https://raw.githubusercontent.com/TheTechHubInsider/silicon-steals-assets/main/pins/bose_qc_headphones_editorial.jpg,Desk Setup & Productivity,,"Iconic acoustic noise cancellation meets plush over-ear comfort. Features Quiet and Aware modes, custom adjustable EQ, and up to 24 hours of battery life. Direct $100 price drop on Amazon.",https://www.amazon.com/dp/B0CCZ26B5V?tag=thetechhubins-20,,"bose quietcomfort, noise cancelling headphones, over ear headphones, travel tech, desk setup, audiophile"
Iconic Sound On The Road: Marshall Emberton II (30+ Hours & IP67),https://raw.githubusercontent.com/TheTechHubInsider/silicon-steals-assets/main/pins/marshall_emberton_editorial.jpg,Travel Gear & Gadgets,,True Stereophonic 360-degree sound in an iconic vintage road-ready design. Delivers 30+ hours of portable playtime with IP67 dust and waterproof durability. 29% off for Prime Day on Amazon.,https://www.amazon.com/dp/B09XXW54GV?tag=thetechhubins-20,,"marshall emberton ii, bluetooth speaker, portable speaker, outdoor gear, travel tech, vintage audio"
Crystal-Clear 4K Streaming & Calls: Logitech MX Brio Collaboration Cam,https://raw.githubusercontent.com/TheTechHubInsider/silicon-steals-assets/main/pins/logitech_mx_brio_editorial.jpg,Desk Setup & Productivity,,Ultra HD 4K webcam powered by an advanced Sony STARVIS sensor with 2x finer detail and innovative Show Mode to tilt and share desk work. 20% Prime discount on Amazon.,https://www.amazon.com/dp/B0CT113S6C?tag=thetechhubins-20,,"logitech mx brio, 4k webcam, home office setup, streaming gear, desk setup, remote work essentials"
Transform Your Workspace: Philips Hue Play Smart Light Bars (2-Pack),https://raw.githubusercontent.com/TheTechHubInsider/silicon-steals-assets/main/pins/philips_hue_play_editorial.jpg,Smart Home Tech,,Elevate your desk or living room with 16 million colors of immersive ambient lighting. Syncs dynamically with PC gaming and movies. Save 25% on the complete 2-bar base kit on Amazon.,https://www.amazon.com/dp/B07GXB3S7Z?tag=thetechhubins-20,,"philips hue play, ambient lighting, smart home tech, desk setup, monitor backlighting, rgb lighting"
"Tiny Drive, Massive 1050 MB/s Speed: Crucial X9 Pro 2TB Rugged SSD",https://raw.githubusercontent.com/TheTechHubInsider/silicon-steals-assets/main/pins/crucial_x9_pro_editorial.jpg,Desk Setup & Productivity,,Blazing fast 1050 MB/s sequential read and write speeds packed into an anodized aluminum palm-sized drive. IP55 water and dust resistant with 7.5ft drop protection. Prime price drop saving $40 on Amazon.,https://www.amazon.com/dp/B0C9WKGXHD?tag=thetechhubins-20,,"crucial x9 pro, portable ssd, external drive, edc tech, video editing storage, macbook accessories"
"Ultra-Slim 100W Laptop Fast Charger: Baseus Blade 20,000mAh",https://raw.githubusercontent.com/TheTechHubInsider/silicon-steals-assets/main/pins/baseus_blade_100w_editorial.jpg,Travel Gear & Gadgets,,"The ultimate digital nomad power bank: razor-thin 0.7-inch card profile packing 20,000mAh capacity and dual 100W USB-C PD outputs for MacBook Pro charging. Massive 40% discount on Amazon.",https://www.amazon.com/dp/B09N3PRJZK?tag=thetechhubins-20,,"baseus blade 100w, laptop power bank, travel essentials, digital nomad, usb-c fast charger, edc gear"
The Ultimate Smart Home Hub: Amazon Echo Show 8 (3rd Gen),https://raw.githubusercontent.com/TheTechHubInsider/silicon-steals-assets/main/pins/echo_show_8_editorial.jpg,Smart Home Tech,,"An 8-inch HD smart display with room-filling spatial audio, centered 13MP auto-framing camera, and built-in Zigbee, Thread, and Matter smart hub. Dropped by 40% for Prime Big Deal Days on Amazon.",https://www.amazon.com/dp/B0BL6KD513?tag=thetechhubins-20,,"echo show 8, amazon alexa, smart home hub, smart display, kitchen tech, home automation"
"7 Weeks of Hands-Free Cleaning: Roborock Q5 Pro+ (5,500 Pa & DuoRoller)",https://raw.githubusercontent.com/TheTechHubInsider/silicon-steals-assets/main/pins/roborock_q5_pro_editorial.jpg,Smart Home Tech,,"Power through pet hair and deep carpets with 5,500 Pa HyperForce suction and DuoRoller tangle-resistant rubber brushes. Includes the RockDock Plus auto-empty base holding 7 weeks of dirt. Huge 46% Prime discount saving $320 on Amazon.",https://www.amazon.com/dp/B0CG98471Q?tag=thetechhubins-20,,"roborock q5 pro, robot vacuum, self empty vacuum, smart home tech, pet hair vacuum, lidar vacuum"
The Ultimate 140W Portable Charger: Anker 737 24K with Smart Display,https://raw.githubusercontent.com/TheTechHubInsider/silicon-steals-assets/main/pins/anker_737_powerbank_editorial.jpg,Desk Setup & Productivity,,"Equipped with Power Delivery 3.1 and bi-directional 140W ultra-fast charging. Full-color smart digital display shows live power draw, charging time, and battery health. 33% discount dropping price under $100 on Amazon.",https://www.amazon.com/dp/B09VPHVT2Z?tag=thetechhubins-20,,"anker 737, powercore 24k, fast charger, usb c pd 3.1, edc tech, laptop charger"
Freezing At Your Desk? The  Gaiatop Fast Ceramic Mini Heater,https://raw.githubusercontent.com/TheTechHubInsider/silicon-steals-assets/main/pins/gaiatop_mini_heater_editorial.jpg,Desk Setup & Productivity,,"Warm your workspace in 2 seconds flat! The Gaiatop 500W PTC ceramic mini heater delivers rapid, whisper-quiet heat with tip-over auto shut-off. Perfect compact desk warmth under . #ad #techdeals",https://www.amazon.com/dp/B0CCTZ7SLP?tag=thetechhubins-20,,"space heater, desk heater, office heater, winter work from home, mini heater, portable electric heater"
Deal Alert: Ubiquiti UniFi Travel Router Drops to $269.97 (Save $240.00),https://www.siliconsteals.com/unifi_travel_router/images/unifi_travel_router_hero.jpg,Travel Gear & Gadgets,https://www.siliconsteals.com/unifi_travel_router/images/unifi_travel_router_hero.jpg,"Ubiquiti UniFi Travel Router is on sale for $269.97 (Save $240.00 / 47% off). Features: 1.14"" OLED display, dual gigabit RJ45, USB cellular tethering, WireGuard Teleport VPN. Read our full verified hardware review and claim the live deal. #TechDeals #TravelTech #SiliconSteals",https://www.siliconsteals.com/unifi_travel_router/,2026-10-05 00:54:52,"tech deals, amazon sale, travel gear & gadgets, ubiquiti unifi travel router, gadget deals"
Deal Alert: MOVA P50 Ultra Robot Vacuum Drops to $359.00 (Save $240.00),https://www.siliconsteals.com/mova_p50_ultra/images/mova_p50_ultra_hero.jpg,Smart Home Tech,https://www.siliconsteals.com/mova_p50_ultra/images/mova_p50_ultra_hero.jpg,"MOVA P50 Ultra Robot Vacuum is on sale for $359.00 (Save $240.00 / 40% off). Features: 19,000 Pa suction, 75°C hot-water automatic washboard, FlexArm mopping, 75 days hands-free. Read our full verified hardware review and claim the live deal. #TechDeals #RobotVacuum #SiliconSteals",https://www.siliconsteals.com/mova_p50_ultra/,2026-10-05 00:54:52,"tech deals, amazon sale, smart home tech, mova p50 ultra robot vacuum, gadget deals"
Deal Alert: eufy SoloCam S340 Drops to $139.99 (Save $60.00),https://www.siliconsteals.com/eufy_s340/images/eufy_s340.png,Home Security & Surveillance,https://www.siliconsteals.com/eufy_s340/images/eufy_s340.png,"eufy SoloCam S340 is on sale for $139.99 (Save $60.00 / 30% off). Features: Dual 3K+2K cameras, 8x hybrid zoom, 360° pan/tilt, SolarPlus forever battery. Read our full verified hardware review and claim the live deal. #TechDeals #SmartHome #SiliconSteals",https://www.siliconsteals.com/eufy_s340/,2026-10-05 00:54:52,"tech deals, amazon sale, home security & surveillance, eufy solocam s340, gadget deals"
Deal Alert: Aqara Smart Lock U200 Drops to $212.49 (Save $57.50),https://www.siliconsteals.com/aqara_u200/images/aqara_u200.webp,Smart Home Tech,https://www.siliconsteals.com/aqara_u200/images/aqara_u200.webp,"Aqara Smart Lock U200 is on sale for $212.49 (Save $57.50 / 21% off). Features: Apple Home Key tap unlock, Matter over Thread, 6-mo battery, no deadbolt replacement. Read our full verified hardware review and claim the live deal. #TechDeals #AppleHome #SiliconSteals",https://www.siliconsteals.com/aqara_u200/,2026-10-05 00:54:52,"tech deals, amazon sale, smart home tech, aqara smart lock u200, gadget deals"
Deal Alert: eufy SoloCam S340 Solar Camera Drops to $139.99 (Save $60.00),https://www.siliconsteals.com/eufy_s340/images/eufy_s340.png,Home Security & Surveillance,https://www.siliconsteals.com/eufy_s340/images/eufy_s340.png,"eufy SoloCam S340 Solar Camera is currently on sale for $139.99 (Save $60.00 / 30% off). Key specifications: Dual 3K+2K cameras, 8x hybrid zoom, 360° pan/tilt, SolarPlus forever battery. Read our full verified editorial review and claim the live Amazon deal. #TechDeals #SmartHome #AmazonDeals #SiliconSteals",https://www.siliconsteals.com/eufy_s340/,2026-10-05 01:00:58,"tech deals, amazon sale, home security & surveillance, eufy solocam s340 solar camera, prime deal"
Amazon Tech Product Review (B0GY4TQ2P8) Deal & Review,https://www.siliconsteals.com/product_b0gy4tq2p8/hero.jpg,Smart Home Tech,https://www.siliconsteals.com/product_b0gy4tq2p8/hero.jpg,Comprehensive hardware review and buyer's guide for Amazon Tech Product Review (B0GY4TQ2P8). Check live discounts and specs on Silicon Steals.,https://www.siliconsteals.com/product_b0gy4tq2p8/,2026-10-05 01:49:39,"Amazon Tech Product Review (B0GY4TQ2P8), tech deals, smart home, B0GY4TQ2P8"
Deal Alert: Ubiquiti UniFi Travel Router (UTR) Drops to $109.99 (Save $10.51),https://www.siliconsteals.com/unifi_travel_router/images/unifi_travel_router_hero.jpg,Travel Gear & Gadgets,https://www.siliconsteals.com/unifi_travel_router/images/unifi_travel_router_hero.jpg,"Ubiquiti UniFi Travel Router (UTR) is currently on sale for $109.99 (Save $10.51 / 9% off). Key specifications: 1.14"" OLED display, dual gigabit RJ45, USB cellular tethering, WireGuard Teleport VPN. Read our full verified editorial review and claim the live Amazon deal. #TechDeals #TravelTech #AmazonDeals #SiliconSteals",https://www.siliconsteals.com/unifi_travel_router/,2026-10-05 02:01:56,"tech deals, amazon sale, travel gear & gadgets, ubiquiti unifi travel router (utr), prime deal"
Deal Alert: MOVA P50 Ultra Robot Vacuum Cleaner Drops to $359.00 (Save $840.99),https://www.siliconsteals.com/mova_p50_ultra/images/mova_p50_ultra_hero.jpg,Smart Home Tech,https://www.siliconsteals.com/mova_p50_ultra/images/mova_p50_ultra_hero.jpg,"MOVA P50 Ultra Robot Vacuum Cleaner is currently on sale for $359.00 (Save $840.99 / 70% off). Key specifications: 19,000 Pa suction, 75°C hot-water automatic washboard, FlexArm mopping, 75 days hands-free. Read our full verified editorial review and claim the live Amazon deal. #TechDeals #RobotVacuum #AmazonDeals #SiliconSteals",https://www.siliconsteals.com/mova_p50_ultra/,2026-10-05 02:02:13,"tech deals, amazon sale, smart home tech, mova p50 ultra robot vacuum cleaner, prime deal"
Deal Alert: Reolink 4K PoE System (RLK8-800B4) Drops to $699.99 (Save $50.00),https://www.siliconsteals.com/reolink_poe/images/reolink_800b4.jpg,Home Security & Surveillance,https://www.siliconsteals.com/reolink_poe/images/reolink_800b4.jpg,"Reolink 4K PoE System (RLK8-800B4) is currently on sale for $699.99 (Save $50.00 / 7% off). Key specifications: 4K Ultra HD, 8-channel PoE NVR, 2TB local storage, $0 cloud subscriptions. Read our full verified editorial review and claim the live Amazon deal. #TechDeals #HomeSecurity #AmazonDeals #SiliconSteals",https://www.siliconsteals.com/reolink_poe/,2026-10-05 02:02:20,"tech deals, amazon sale, home security & surveillance, reolink 4k poe system (rlk8-800b4), prime deal"
Deal Alert: Aqara Smart Lock U200 Kit Drops to $212.49 (Save $57.50),https://www.siliconsteals.com/aqara_u200/images/aqara_u200.webp,Smart Home Tech,https://www.siliconsteals.com/aqara_u200/images/aqara_u200.webp,"Aqara Smart Lock U200 Kit is currently on sale for $212.49 (Save $57.50 / 21% off). Key specifications: Apple Home Key tap unlock, Matter over Thread, 6-mo battery, no deadbolt replacement. Read our full verified editorial review and claim the live Amazon deal. #TechDeals #AppleHome #AmazonDeals #SiliconSteals",https://www.siliconsteals.com/aqara_u200/,2026-10-05 02:02:27,"tech deals, amazon sale, smart home tech, aqara smart lock u200 kit, prime deal"
Deal Alert: Anker SOLIX C1000 Portable Power Station Drops to $499.99 (Save $499.01),https://www.siliconsteals.com/anker_solix_c1000/images/anker_solix_hero.jpg,Smart Home Tech,https://www.siliconsteals.com/anker_solix_c1000/images/anker_solix_hero.jpg,"Anker SOLIX C1000 Portable Power Station is currently on sale for $499.99 (Save $499.01 / 50% off). Key specifications: 1056Wh LiFePO4 cells, 1800W AC output, 2400W SurgePad, 58-minute full AC recharge. Read our full verified editorial review and claim the live Amazon deal. #TechDeals #EmergencyPower #AmazonDeals #SiliconSteals",https://www.siliconsteals.com/anker_solix_c1000/,2026-10-05 02:02:38,"tech deals, amazon sale, smart home tech, anker solix c1000 portable power station, prime deal"
Deal Alert: ASUS ROG Ally Z1 Extreme Drops to $600.99 (Save $99.00),https://www.siliconsteals.com/rog_ally/images/rog_ally_hero.jpg,Desk Setup & Productivity,https://www.siliconsteals.com/rog_ally/images/rog_ally_hero.jpg,"ASUS ROG Ally Z1 Extreme is currently on sale for $600.99 (Save $99.00 / 14% off). Key specifications: AMD Ryzen Z1 Extreme silicon, 7"" 1080p 120Hz FreeSync VRR display, native Windows 11. Read our full verified editorial review and claim the live Amazon deal. #TechDeals #GamingHandheld #AmazonDeals #SiliconSteals",https://www.siliconsteals.com/rog_ally/,2026-10-05 02:02:41,"tech deals, amazon sale, desk setup & productivity, asus rog ally z1 extreme, prime deal"
Deal Alert: Aqara Smart Lock U200 Kit Drops to $189.99 (Save $80.00),https://www.siliconsteals.com/aqara_u200/images/aqara_u200.webp,Smart Home Tech,https://www.siliconsteals.com/aqara_u200/images/aqara_u200.webp,"Aqara Smart Lock U200 Kit is currently on sale for $189.99 (Save $80.00 / 30% off). Key specifications: Apple Home Key tap unlock, Matter over Thread, 6-mo battery, no deadbolt replacement. Read our full verified editorial review and claim the live Amazon deal. #TechDeals #AppleHome #AmazonDeals #SiliconSteals",https://www.siliconsteals.com/aqara_u200/,2026-10-05 04:02:26,"tech deals, amazon sale, smart home tech, aqara smart lock u200 kit, prime deal"
Deal Alert: Ubiquiti UniFi Travel Router (UTR) Drops to $109.95 (Save $10.55),https://www.siliconsteals.com/unifi_travel_router/images/unifi_travel_router_hero.jpg,Travel Gear & Gadgets,https://www.siliconsteals.com/unifi_travel_router/images/unifi_travel_router_hero.jpg,"Ubiquiti UniFi Travel Router (UTR) is currently on sale for $109.95 (Save $10.55 / 9% off). Key specifications: 1.14"" OLED display, dual gigabit RJ45, USB cellular tethering, WireGuard Teleport VPN. Read our full verified editorial review and claim the live Amazon deal. #TechDeals #TravelTech #AmazonDeals #SiliconSteals",https://www.siliconsteals.com/unifi_travel_router/,2026-10-05 08:01:56,"tech deals, amazon sale, travel gear & gadgets, ubiquiti unifi travel router (utr), prime deal"
MOVA P50 Ultra Robot Vacuum Deal & Review,https://www.siliconsteals.com/mova_p50_ultra/hero.jpg,Smart Home Tech,https://www.siliconsteals.com/mova_p50_ultra/hero.jpg,Comprehensive hardware review and buyer's guide for MOVA P50 Ultra Robot Vacuum. Check live discounts and specs on Silicon Steals.,https://www.siliconsteals.com/mova_p50_ultra/,2026-10-05 09:01:39,"MOVA P50 Ultra Robot Vacuum, tech deals, smart home, B0F1FNDM3R"
MOVA P50 Ultra Robot Vacuum Deal & Review,https://www.siliconsteals.com/mova_p50_ultra/hero.jpg,Smart Home Tech,https://www.siliconsteals.com/mova_p50_ultra/hero.jpg,Comprehensive hardware review and buyer's guide for MOVA P50 Ultra Robot Vacuum. Check live discounts and specs on Silicon Steals.,https://www.siliconsteals.com/mova_p50_ultra/,2026-10-05 14:28:40,"MOVA P50 Ultra Robot Vacuum, tech deals, smart home, B0F1FNDM3R"
